RelationshipID,NPC1_Name,NPC1_Type,NPC2_Name,NPC2_Type,Relationship_Type,Relationship_Detail
IngeAtAfAlan,IngeSixFingers,FemaleOldGrumpy,AtAfAlan,MaleYoungEager,Confidant,MasterAssistant
LisetteAtAfAlan,Lisette,FemaleEvenToned,AtAfAlan,MaleYoungEager,Friend,NONE
AtAfAlanPantea,PanteaAteia,FemaleEvenToned,AtAfAlan,MaleYoungEager,Acquaintance,MasterAssistant
FiraudAtAfAlan,GiraudGemane,MaleEvenToned,AtAfAlan,MaleYoungEager,Ally,MasterAssistant
AtAfAlanJorn,AtAfAlan,MaleYoungEager,Jorn,MaleNord,Friend,NONE
AiaAtAfAlan,AtAfAlan,MaleYoungEager,AiaArria,FemaleSultry,Friend,NONE
HousecarlMarkarthPlayerRelationship,HousecarlMarkarth,MaleBrute,Player,MaleEvenToned,Ally,NONE
HousecarlRiftenPlayerRelationship,HousecarlRiften,FemaleCommander,Player,MaleEvenToned,Ally,NONE
HousecarlWindhelmPlayerRelationship,HousecarlWindhelm,MaleNord,Player,MaleEvenToned,Ally,NONE
HousecarlSolitudePlayerRelationship,HousecarlSolitude,FemaleYoungEager,Player,MaleEvenToned,Ally,NONE
HousecarlWhiterunPlayerRelationship,HousecarlWhiterun,FemaleEvenToned,Player,MaleEvenToned,Ally,NONE
TembaGwilin,TembaWideArm,FemaleCondescending,Gwilin,MaleYoungEager,Acquaintance,BossEmployee
VulwulfNura,Vulwulf,MaleNord,Nura,FemaleNord,Ally,Spouse
VulwulfAsgeir,Vulwulf,MaleNord,Asgeir,MaleEvenTonedAccented,Ally,ParentChild
HadvarDorthe,Dorthe,FemaleChild,Hadvar,MaleUniqueHadvar,Ally,Cousins
HadvarSigrid,Sigrid,FemaleEvenToned,Hadvar,MaleUniqueHadvar,Ally,AuntUncle
RalofFrodnar,Ralof,MaleNord,Frodnar,MaleChild,Ally,AuntUncle
HodRalof,Hod,MaleNord,Ralof,MaleNord,Ally,AuntUncle
HildeSven,Hilde,FemaleOldGrumpy,Sven,MaleYoungEager,Ally,ParentChild
FavorIdgrodDanicaRelationship,IdgrodTheYounger,FemaleYoungEager,DanicaPureSpring,FemaleNord,Acquaintance,FavorTarget
FavorHaranRanmirRelationship,Haran,FemaleCommoner,Ranmir,MaleDrunk,Acquaintance,FavorTarget
FavorIddraRoggiRelationship,Iddra,FemaleCommoner,Roggi,MaleNord,Acquaintance,FavorTarget
FavorSondasQuintus,SondasDrenim,MaleDarkElf,QuintusNavale,MaleYoungEager,Acquaintance,FavorTarget
FavorAeriThoring,Aeri,FemaleNord,SkaldtheElder,MaleOldGrumpy,Acquaintance,FavorTarget
RustleifSerenRelationship,Rustleif,MaleEvenTonedAccented,Seren,FemaleEvenToned,Lover,Spouse
BrinaHorikRelationship,HorikHalfhand,MaleNordCommander,BrinaMerilis,FemaleCommander,Lover,NONE
FavorThadgeirRunil,Thadgeir,MaleOldGrumpy,Runil,MaleOldKindly,Acquaintance,FavorTarget
FavorOctieveIrnskar,OctieveSan,MaleCoward,IrnskarIronhand,MaleNordCommander,Acquaintance,FavorTarget
DaighreToromRelationship,Torom,CrDogVoice,Daighre,FemaleEvenToned,Ally,NONE
ToromErithRelationship,Torom,CrDogVoice,Erith,FemaleChild,Ally,NONE
MralkiErikSlayer,HirelingErikTheSlayer,MaleYoungEager,Mralki,MaleCommonerAccented,Friend,ParentChild
MothGhorzaSiblings,MothgroBagol,MaleOrc,GhorzaGraBagol,FemaleOrc,Ally,Siblings
FavorBanningVoada,Banning,MaleBrute,Voada,FemaleCommoner,Acquaintance,FavorTarget
FavorAdonatoGiraud,AdonatoLeotelli,MaleCondescending,GiraudGemane,MaleEvenToned,Acquaintance,FavorTarget
FavorRevynSadri,RevynSadri,MaleCondescending,ViolaGiordano,FemaleShrill,Acquaintance,FavorTarget
FavorScoutsTorbjorn,ScoutsManyMarshes,MaleArgonian,Torbjorn,MaleDrunk,Acquaintance,FavorTarget
FavorCarlottaMikael,CarlottaValentia,FemaleEvenToned,Mikael,MaleYoungEager,Acquaintance,FavorTarget
RolffGalmarSiblings,Rolff,MaleCommonerAccented,Galmar,MaleUniqueGalmar,Friend,Siblings
RevynIdesaSiblings,IdesaSadri,FemaleDarkElf,RevynSadri,MaleCondescending,Ally,Siblings
WhiterunJenssenDanicaFriends,AcolyteJenssen,MaleNord,DanicaPureSpring,FemaleNord,Friend,BossEmployee
WhiterunAdrianneUlfberthSpouses,AdrianneAvenicci,FemaleCommander,Ulfberth,MaleBrute,Lover,Spouse
YsoldaMadran,Ysolda,FemaleYoungEager,Madran,MaleKhajiit,Friend,BusinessPartners
SusannaKjeldtheYoungerRelationship,Susanna,FemaleSultry,KjeldtheYounger,MaleEvenTonedAccented,Confidant,Courting
GharolLash,Gharol,FemaleOrc,LashGraDushnikh,FemaleOrc,Ally,ParentChild
SylgjaAnnekke,Annekke,FemaleEvenToned,Sylgja,FemaleYoungEager,Ally,ParentChild
SylgjaVerner,Verner,MaleCoward,Sylgja,FemaleYoungEager,Ally,ParentChild
SylgjaFilnjar,Sylgja,FemaleYoungEager,Filnjar,MaleNord,Friend,BossEmployee
SyndaDravin,SyndaLlanith,FemaleDarkElf,Dravin,MaleDarkElf,Ally,Spouse
ToniliaDirge,Tonilia,FemaleCondescending,Dirge,MaleBrute,Friend,NONE
ToniliaVekel,Tonilia,FemaleCondescending,Vekel,MaleNord,Lover,Courting
MallusEimar,MallusMaccius,MaleSlyCynical,Eimar,MaleYoungEager,Acquaintance,BusinessPartners
SabjornEimar,Sabjorn,MaleCondescending,Eimar,MaleYoungEager,Acquaintance,BossEmployee
MaroRelationship,CommanderMaro,MaleCommander,GaiusMaro,MaleSoldier,Ally,ParentChild
SeverioNimrielRelationship,SeverioPelagia,MaleCommander,Nimriel,FemaleYoungEager,Lover,Courting
AeriEnnodius,Aeri,FemaleNord,EnnodiusPapius,MaleCoward,Acquaintance,BossEmployee
PerthTuthulRelationship,Perth,MaleCommoner,Tuthul,MaleCoward,Friend,NONE
ZariaBolund,Zaria,FemaleCommander,Bolund,MaleNord,Confidant,NONE
ZariaTekla,Zaria,FemaleCommander,Tekla,FemaleCoward,Friend,NONE
ZariaDengeir,Zaria,FemaleCommander,Dengeir,MaleOldGrumpy,Confidant,BossEmployee
DortheFrodnar,Dorthe,FemaleChild,Stump,CrDogVoice,Friend,NONE
FrodnarStump,Frodnar,MaleChild,Stump,CrDogVoice,Confidant,NONE
MaramalBriehl,Maramal,MaleEvenToned,Briehl,MaleCommonerAccented,Friend,BossEmployee
DinyaAcolyte,Dinya,FemaleEvenToned,Briehl,MaleCommonerAccented,Acquaintance,BossEmployee
ThadgeirTekla,Thadgeir,MaleOldGrumpy,Tekla,FemaleCoward,Confidant,NONE
ThadgeirHelvard,Thadgeir,MaleOldGrumpy,Helvard,MaleEvenTonedAccented,Ally,NONE
ThadgeirNenya,Thadgeir,MaleOldGrumpy,Nenya,FemaleEvenToned,Ally,NONE
ThadgeirSiddgeir,Thadgeir,MaleOldGrumpy,Siddgeir,MaleCondescending,Friend,AuntUncle
DengeirThadgeir,Dengeir,MaleOldGrumpy,Thadgeir,MaleOldGrumpy,Confidant,Siblings
SkaldTheElderJod,SkaldtheElder,MaleOldGrumpy,Jod,MaleBrute,Confidant,JarlHousecarl
RogatusLeontius,Rogatus,MaleOldGrumpy,LeontiusSalvius,MaleCommoner,Ally,ParentChild
TorstenHillevi,Torsten,MaleCommonerAccented,Hillevi,FemaleCommoner,Ally,Spouse
TorstenTulvur,Torsten,MaleCommonerAccented,Tulvur,MaleCommonerAccented,Friend,BossEmployee
HilleviTulvur,Hillevi,FemaleCommoner,Tulvur,MaleCommonerAccented,Acquaintance,BossEmployee
EltrysCedran,Eltrys,MaleYoungEager,Cedran,MaleOldKindly,Friend,NONE
MaulHemming,Maul,MaleBrute,Hemming,MaleEvenTonedAccented,Friend,NONE
LailaUnmid,Laila,FemaleCommander,Unmid,MaleNordCommander,Acquaintance,JarlHousecarl
AnurielUnmid,Anuriel,FemaleEvenToned,Unmid,MaleNordCommander,Ally,Courting
AsgeirUnmid,Asgeir,MaleEvenTonedAccented,Unmid,MaleNordCommander,Ally,Siblings
NuraUnmid,Nura,FemaleNord,Unmid,MaleNordCommander,Ally,ParentChild
AddvildLeonara,Addvild,MaleCommonerAccented,LeonaraArius,FemaleEvenToned,Ally,Spouse
OmluagHathrasil,Hathrasil,MaleBrute,Omluag,MaleCommoner,Friend,NONE
VeezaraArnbjorn,Veezara,MaleArgonian,Arnbjorn,MaleBrute,Ally,NONE
CiceroArnbjorn,Cicero,MaleUniqueCicero,Arnbjorn,MaleBrute,Ally,NONE
CiceroVeezara,Cicero,MaleUniqueCicero,Veezara,MaleArgonian,Ally,NONE
BabetteArnbjorn,Babette,FemaleChild,Arnbjorn,MaleBrute,Ally,NONE
BabetteVeezara,Babette,FemaleChild,Veezara,MaleArgonian,Ally,NONE
BabetteCicero,Babette,FemaleChild,Cicero,MaleUniqueCicero,Ally,NONE
GabriellaArnbjorn,Gabriella,FemaleElfHaughty,Arnbjorn,MaleBrute,Ally,NONE
GabriellaVeezara,Gabriella,FemaleElfHaughty,Veezara,MaleArgonian,Ally,NONE
GabriellaCicero,Gabriella,FemaleElfHaughty,Cicero,MaleUniqueCicero,Ally,NONE
GabriellaBabette,Gabriella,FemaleElfHaughty,Babette,FemaleChild,Ally,NONE
CiceroAstrid,Cicero,MaleUniqueCicero,Astrid,FemaleUniqueAstrid,Ally,NONE
NazirArnbjorn,Nazir,MaleUniqueNazir,Arnbjorn,MaleBrute,Ally,NONE
NazirVeezara,Nazir,MaleUniqueNazir,Veezara,MaleArgonian,Ally,NONE
NazirCicero,Nazir,MaleUniqueNazir,Cicero,MaleUniqueCicero,Ally,NONE
NazirBabette,Nazir,MaleUniqueNazir,Babette,FemaleChild,Ally,NONE
NazirGabriella,Nazir,MaleUniqueNazir,Gabriella,FemaleElfHaughty,Ally,NONE
FestusArnbjorn,FestusKrex,MaleOldGrumpy,Arnbjorn,MaleBrute,Ally,NONE
FestusVeezara,FestusKrex,MaleOldGrumpy,Veezara,MaleArgonian,Ally,NONE
FestusCicero,FestusKrex,MaleOldGrumpy,Cicero,MaleUniqueCicero,Ally,NONE
FestusBabette,FestusKrex,MaleOldGrumpy,Babette,FemaleChild,Ally,NONE
FestusGabriella,FestusKrex,MaleOldGrumpy,Gabriella,FemaleElfHaughty,Ally,NONE
FestusNazir,FestusKrex,MaleOldGrumpy,Nazir,MaleUniqueNazir,Ally,NONE
AstridArnbjorn,Astrid,FemaleUniqueAstrid,Arnbjorn,MaleBrute,Lover,Spouse
AstridVeezara,Astrid,FemaleUniqueAstrid,Veezara,MaleArgonian,Ally,NONE
AstridBabette,Astrid,FemaleUniqueAstrid,Babette,FemaleChild,Ally,NONE
AstridGabriella,Astrid,FemaleUniqueAstrid,Gabriella,FemaleElfHaughty,Ally,NONE
AstridNazir,Astrid,FemaleUniqueAstrid,Nazir,MaleUniqueNazir,Ally,NONE
AstridFestus,Astrid,FemaleUniqueAstrid,FestusKrex,MaleOldGrumpy,Ally,NONE
JesperTalib,Jesper,MaleSlyCynical,Talib,MaleYoungEager,Rival,NONE
GesturJesper,GesturRockbreaker,MaleEvenTonedAccented,Jesper,MaleSlyCynical,Friend,BossEmployee
GesturTeebaEi,GesturRockbreaker,MaleEvenTonedAccented,TeebaEi,MaleArgonian,Friend,BossEmployee
JesperTeebaEi,TeebaEi,MaleArgonian,Jesper,MaleSlyCynical,Friend,NONE
SwanhvirTeebaEi,Swanhvir,FemaleEvenToned,TeebaEi,MaleArgonian,Friend,NONE
JesperSwanhvir,Swanhvir,FemaleEvenToned,Jesper,MaleSlyCynical,Friend,NONE
GesturSwanhvir,GesturRockbreaker,MaleEvenTonedAccented,Swanhvir,FemaleEvenToned,Friend,BossEmployee
BrylingGestur,Bryling,FemaleCommander,GesturRockbreaker,MaleEvenTonedAccented,Confidant,BossEmployee
JulienneTasius,JulienneLylvieve,FemaleYoungEager,TasiusTragus,MaleCommander,Lover,NONE
JulienneClinton,JulienneLylvieve,FemaleYoungEager,ClintonLylvieve,MaleChild,Friend,Siblings
JulienneAzzada,AzzadaLylvieve,MaleEvenToned,JulienneLylvieve,FemaleYoungEager,Ally,ParentChild
JulienneMichel,MichelLylvieve,FemaleEvenToned,JulienneLylvieve,FemaleYoungEager,Confidant,ParentChild
DelphineRaevild,Delphine,FemaleUniqueDelphine,Sven,MaleYoungEager,Friend,NONE
FaendalRaevild,Faendal,MaleEvenToned,Sven,MaleYoungEager,Rival,NONE
CamillaValeriusRaevild,CamillaValerius,FemaleYoungEager,Sven,MaleYoungEager,Friend,NONE
CamillaValeriusFaendal,CamillaValerius,FemaleYoungEager,Faendal,MaleEvenToned,Friend,NONE
DrevisUrag,DrevisNeloren,MaleEvenToned,UraggroShub,MaleOrc,Ally,NONE
SabjornMallus,Sabjorn,MaleCondescending,MallusMaccius,MaleSlyCynical,Acquaintance,BossEmployee
HadvarAlvor,Alvor,MaleNord,Hadvar,MaleUniqueHadvar,Ally,AuntUncle
RalofGerdur,Ralof,MaleNord,Gerdur,FemaleNord,Ally,Siblings
AlvorHodRelationship,Alvor,MaleNord,Hod,MaleNord,Friend,NONE
OrgnarHodRelationship,Orgnar,MaleBrute,Hod,MaleNord,Friend,NONE
GerdurRaevild,Gerdur,FemaleNord,Sven,MaleYoungEager,Acquaintance,BossEmployee
GerdurFaendal,Gerdur,FemaleNord,Faendal,MaleEvenToned,Acquaintance,BossEmployee
EorlundAlvor,EorlundGrayMane,MaleNordCommander,Alvor,MaleNord,Friend,NONE
FrodnarDorthe,Frodnar,MaleChild,Dorthe,FemaleChild,Friend,NONE
HodFrodnar,Hod,MaleNord,Frodnar,MaleChild,Ally,ParentChild
GerdurFrodnar,Gerdur,FemaleNord,Frodnar,MaleChild,Ally,ParentChild
GerdurHod,Gerdur,FemaleNord,Hod,MaleNord,Ally,Spouse
DB02PlayerFriendRelationship,Player,MaleEvenToned,DB02PlayerFriend,MaleNord,Friend,NONE
KustBolund,Kust,MaleNord,Bolund,MaleNord,Rival,NONE
RunilKust,Runil,MaleOldKindly,Kust,MaleNord,Ally,MasterAssistant
MathiesRunil,Mathies,MaleCommonerAccented,Runil,MaleOldKindly,Confidant,NONE
IndaraRunil,IndaraCaerellia,FemaleCommoner,Runil,MaleOldKindly,Confidant,NONE
IndaraMathies,IndaraCaerellia,FemaleCommoner,Mathies,MaleCommonerAccented,Lover,Spouse
LodSolaf,Lod,MaleCommonerAccented,Solaf,MaleBrute,Confidant,NONE
LodGunnar,Lod,MaleCommonerAccented,GunnarStoneEye,MaleOldGrumpy,Ally,Siblings
LodKust,Lod,MaleCommonerAccented,Kust,MaleNord,Rival,NONE
LodRunil,Lod,MaleCommonerAccented,Runil,MaleOldKindly,Rival,NONE
SolafBolund,Solaf,MaleBrute,Bolund,MaleNord,Ally,Siblings
SiddgeirBolund,Siddgeir,MaleCondescending,Bolund,MaleNord,Ally,BossEmployee
SiddgeirSolaf,Siddgeir,MaleCondescending,Solaf,MaleBrute,Ally,BossEmployee
NarriBolund,Narri,FemaleNord,Bolund,MaleNord,Rival,NONE
NarriSiddgeir,Narri,FemaleNord,Siddgeir,MaleCondescending,Rival,NONE
NarriSolaf,Narri,FemaleNord,Solaf,MaleBrute,Rival,NONE
ValgaBolund,ValgaVinicia,FemaleCommoner,Bolund,MaleNord,Rival,NONE
ValgaSolaf,ValgaVinicia,FemaleCommoner,Solaf,MaleBrute,Rival,NONE
ValgaSiddgeir,ValgaVinicia,FemaleCommoner,Siddgeir,MaleCondescending,Rival,NONE
DengeirValga,ValgaVinicia,FemaleCommoner,Dengeir,MaleOldGrumpy,Rival,NONE
ValgaNarri,ValgaVinicia,FemaleCommoner,Narri,FemaleNord,Confidant,BossEmployee
TeklaSolaf,Tekla,FemaleCoward,Solaf,MaleBrute,Confidant,Courting
TeklaBolund,Tekla,FemaleCoward,Bolund,MaleNord,Rival,NONE
SiddgeirTekla,Tekla,FemaleCoward,Siddgeir,MaleCondescending,Rival,NONE
TeklaValga,Tekla,FemaleCoward,ValgaVinicia,FemaleCommoner,Confidant,NONE
TeklaNarri,Tekla,FemaleCoward,Narri,FemaleNord,Ally,Siblings
HelvardSiddgeir,Helvard,MaleEvenTonedAccented,Siddgeir,MaleCondescending,Ally,JarlHousecarl
NenyaHelvard,Nenya,FemaleEvenToned,Helvard,MaleEvenTonedAccented,Ally,NONE
NenyaSiddgeir,Nenya,FemaleEvenToned,Siddgeir,MaleCondescending,Acquaintance,NONE
DengeirRunil,Dengeir,MaleOldGrumpy,Runil,MaleOldKindly,Confidant,NONE
DengeirTekla,Dengeir,MaleOldGrumpy,Tekla,FemaleCoward,Rival,BossEmployee
DengeirHelvard,Dengeir,MaleOldGrumpy,Helvard,MaleEvenTonedAccented,Ally,JarlHousecarl
DengeirNenya,Dengeir,MaleOldGrumpy,Nenya,FemaleEvenToned,Ally,JarlSteward
DengeirSiddgeir,Dengeir,MaleOldGrumpy,Siddgeir,MaleCondescending,Friend,AuntUncle
HernHert,Hert,FemaleYoungEager,Hern,MaleCommonerAccented,Lover,Spouse
SnillingKnudParent2,Snilling,MaleCommonerAccented,Knud,MaleChild,Ally,ParentChild
KatlaKnudParent,Katla,FemaleNord,Knud,MaleChild,Ally,ParentChild
KatlaSnillingMarriage,Katla,FemaleNord,Snilling,MaleCommonerAccented,Lover,Spouse
ElenwenUlfric,Elenwen,FemaleUniqueElenwen,Ulfric,MaleUniqueUlfric,Foe,NONE
HjorunnKharag,Hjorunn,MaleNord,KharagGroShurkul,MaleOrc,Friend,BusinessPartners
FridrikaRikke,Fridrika,FemaleCommoner,Rikke,FemaleCommander,Friend,NONE
FridrikaHormParent2,Fridrika,FemaleCommoner,Horm,MaleYoungEager,Ally,ParentChild
GeimundFihada,Geimund,MaleCommonerAccented,Fihada,MaleCondescending,Friend,NONE
GeimundRikke,Geimund,MaleCommonerAccented,Rikke,FemaleCommander,Friend,NONE
GeimundHorm,Geimund,MaleCommonerAccented,Horm,MaleYoungEager,Ally,ParentChild
GeimundFridrikaMarriage,Geimund,MaleCommonerAccented,Fridrika,FemaleCommoner,Lover,Spouse
BjarturRikke,Bjartur,FemaleCoward,Rikke,FemaleCommander,Rival,NONE
TulliusTasius,GeneralTullius,MaleUniqueTullius,TasiusTragus,MaleCommander,Confidant,BossEmployee
TulliusElenwen,GeneralTullius,MaleUniqueTullius,Elenwen,FemaleUniqueElenwen,Confidant,NONE
TulliusRikke,GeneralTullius,MaleUniqueTullius,Rikke,FemaleCommander,Ally,BossEmployee
FihadaRikke,Fihada,MaleCondescending,Rikke,FemaleCommander,Friend,NONE
FihadaJawanan,Fihada,MaleCondescending,Jawanan,MaleBrute,Ally,MasterAssistant
DeejaJareeRa,Deeja,FemaleArgonian,JareeRa,MaleArgonian,Confidant,Siblings
GulumEiDeeja,GulumEi,MaleArgonian,Deeja,FemaleArgonian,Confidant,Siblings
GulumEiJareeRa,GulumEi,MaleArgonian,JareeRa,MaleArgonian,Ally,Siblings
FreirSilana,Freir,FemaleNord,SilanaPetreia,FemaleEvenToned,Ally,NONE
RorlundSilana,Rorlund,MaleEvenTonedAccented,SilanaPetreia,FemaleEvenToned,Ally,NONE
RorlundFreirMarriage,Rorlund,MaleEvenTonedAccented,Freir,FemaleNord,Lover,Spouse
ErdiUna,Erdi,FemaleYoungEager,Una,FemaleCommoner,Friend,NONE
OdarErdi,Odar,MaleNord,Erdi,FemaleYoungEager,Friend,NONE
OdarUna,Odar,MaleNord,Una,FemaleCommoner,Friend,NONE
SybilleFalk,SybilleStentor,FemaleSultry,FalkFirebeard,MaleNord,Acquaintance,BusinessPartners
ElisifSybille,ElisifTheFair,FemaleYoungEager,SybilleStentor,FemaleSultry,Friend,BossEmployee
HeimvarJawanan,Heimvar,MaleYoungEager,Jawanan,MaleBrute,Confidant,NONE
BolgeirMelaran,BolgeirBearclaw,MaleNordCommander,Melaran,MaleElfHaughty,Friend,NONE
FalkTullius,FalkFirebeard,MaleNord,GeneralTullius,MaleUniqueTullius,Friend,NONE
FalkElisif,ElisifTheFair,FemaleYoungEager,FalkFirebeard,MaleNord,Ally,JarlSteward
ElisifBolgeir,ElisifTheFair,FemaleYoungEager,BolgeirBearclaw,MaleNordCommander,Ally,JarlHousecarl
ElisifTullius,ElisifTheFair,FemaleYoungEager,GeneralTullius,MaleUniqueTullius,Friend,NONE
AhtarRikke,Ahtar,MaleBrute,Rikke,FemaleCommander,Friend,NONE
JalaAhtar,Jala,FemaleShrill,Ahtar,MaleBrute,Ally,Courting
VittoriaDeeja,VittoriaVici,FemaleEvenToned,Deeja,FemaleArgonian,Acquaintance,BossEmployee
VittoriaAsgeir,VittoriaVici,FemaleEvenToned,Asgeir,MaleEvenTonedAccented,Lover,Courting
VittoriaJareeRa,VittoriaVici,FemaleEvenToned,JareeRa,MaleArgonian,Acquaintance,BossEmployee
EvetteOctieve,OctieveSan,MaleCoward,EvetteSan,FemaleCommoner,Ally,ParentChild
MelaranBryling,Melaran,MaleElfHaughty,Bryling,FemaleCommander,Acquaintance,NONE
GisliIrnskar,Gisli,FemaleCondescending,IrnskarIronhand,MaleNordCommander,Friend,NONE
GisliFalk,Gisli,FemaleCondescending,FalkFirebeard,MaleNord,Friend,NONE
GisliMelaran,Gisli,FemaleCondescending,Melaran,MaleElfHaughty,Friend,NONE
GisliElisif,Gisli,FemaleCondescending,ElisifTheFair,FemaleYoungEager,Friend,NONE
ErikurElisif,ElisifTheFair,FemaleYoungEager,Erikur,MaleSlyCynical,Friend,BossEmployee
ErikurFalk,Erikur,MaleSlyCynical,FalkFirebeard,MaleNord,Acquaintance,NONE
ErikurMelaran,Erikur,MaleSlyCynical,Melaran,MaleElfHaughty,Friend,BossEmployee
ErikurGisliSiblings,Gisli,FemaleCondescending,Erikur,MaleSlyCynical,Rival,Siblings
IrnskarMelaran,IrnskarIronhand,MaleNordCommander,Melaran,MaleElfHaughty,Rival,NONE
IrnskarBolgeir,IrnskarIronhand,MaleNordCommander,BolgeirBearclaw,MaleNordCommander,Ally,NONE
IrnskarErikur,IrnskarIronhand,MaleNordCommander,Erikur,MaleSlyCynical,Rival,NONE
BrylingFalk,Bryling,FemaleCommander,FalkFirebeard,MaleNord,Ally,Courting
BrylingIrnskar,Bryling,FemaleCommander,IrnskarIronhand,MaleNordCommander,Ally,BossEmployee
BrylingElisif,Bryling,FemaleCommander,ElisifTheFair,FemaleYoungEager,Friend,NONE
BrylingErikurRivalry,Bryling,FemaleCommander,Erikur,MaleSlyCynical,Rival,NONE
LisetteIlldi,Illdi,FemaleYoungEager,Lisette,FemaleEvenToned,Rival,NONE
PanteaIlldi,PanteaAteia,FemaleEvenToned,Illdi,FemaleYoungEager,Acquaintance,MasterAssistant
IngeIlldi,IngeSixFingers,FemaleOldGrumpy,Illdi,FemaleYoungEager,Confidant,MasterAssistant
GiraudIlldi,GiraudGemane,MaleEvenToned,Illdi,FemaleYoungEager,Friend,MasterAssistant
AiaLisetteRival,AiaArria,FemaleSultry,Lisette,FemaleEvenToned,Rival,NONE
IngeAiaRival,IngeSixFingers,FemaleOldGrumpy,AiaArria,FemaleSultry,Rival,MasterAssistant
AiraGiraud,GiraudGemane,MaleEvenToned,AiaArria,FemaleSultry,Friend,MasterAssistant
AiaPantea,PanteaAteia,FemaleEvenToned,AiaArria,FemaleSultry,Confidant,MasterAssistant
JornPanteaFriend,Jorn,MaleNord,PanteaAteia,FemaleEvenToned,Friend,MasterAssistant
JornIngeFriend,Jorn,MaleNord,IngeSixFingers,FemaleOldGrumpy,Friend,MasterAssistant
JornLisetteRomance,Jorn,MaleNord,Lisette,FemaleEvenToned,Friend,Courting
GiraudJorn,GiraudGemane,MaleEvenToned,Jorn,MaleNord,Rival,MasterAssistant
ViarmoInge,Viarmo,MaleSlyCynical,IngeSixFingers,FemaleOldGrumpy,Friend,BossEmployee
SvariJalaFriends,Svari,FemaleChild,Jala,FemaleShrill,Acquaintance,NONE
SvariEvetteFriends,Svari,FemaleChild,EvetteSan,FemaleCommoner,Friend,NONE
GretaSvariParents2,Greta,FemaleCommoner,Svari,FemaleChild,Confidant,ParentChild
AddvarJalaRival,Addvar,MaleCommonerAccented,Jala,FemaleShrill,Rival,NONE
AddvarEvette,Addvar,MaleCommonerAccented,EvetteSan,FemaleCommoner,Friend,NONE
AddvarSvariParent,Addvar,MaleCommonerAccented,Svari,FemaleChild,Confidant,ParentChild
AddvarGretaMarriage,Addvar,MaleCommonerAccented,Greta,FemaleCommoner,Lover,Spouse
NosterAddvar,NosterOneEye,MaleCoward,Addvar,MaleCommonerAccented,Confidant,NONE
SorexMinetteSiblings,SorexVinius,MaleSlyCynical,MinetteVinius,FemaleChild,Confidant,Siblings
GiraudIngeCoworkers,GiraudGemane,MaleEvenToned,IngeSixFingers,FemaleOldGrumpy,Friend,BusinessPartners
GiraudViarmo,Viarmo,MaleSlyCynical,GiraudGemane,MaleEvenToned,Confidant,BossEmployee
PanteaGiraudCoworkers,PanteaAteia,FemaleEvenToned,GiraudGemane,MaleEvenToned,Friend,BusinessPartners
PanteaInge,PanteaAteia,FemaleEvenToned,IngeSixFingers,FemaleOldGrumpy,Friend,BusinessPartners
PanteaViarmoBoss,Viarmo,MaleSlyCynical,PanteaAteia,FemaleEvenToned,Acquaintance,BossEmployee
LisettePanteaFriends,Lisette,FemaleEvenToned,PanteaAteia,FemaleEvenToned,Friend,NONE
LisetteInge,Lisette,FemaleEvenToned,IngeSixFingers,FemaleOldGrumpy,Confidant,MasterAssistant
LisetteViarmo,Viarmo,MaleSlyCynical,Lisette,FemaleEvenToned,Rival,NONE
LisetteMinette,Lisette,FemaleEvenToned,MinetteVinius,FemaleChild,Friend,NONE
LisetteSorex,Lisette,FemaleEvenToned,SorexVinius,MaleSlyCynical,Friend,NONE
CorpulusLisette,CorpulusVinius,MaleEvenToned,Lisette,FemaleEvenToned,Friend,NONE
CorpulusSorexParent,CorpulusVinius,MaleEvenToned,SorexVinius,MaleSlyCynical,Ally,ParentChild
CorpulusMinetteParent,CorpulusVinius,MaleEvenToned,MinetteVinius,FemaleChild,Ally,ParentChild
EndarieBrylingBusiness,Endarie,FemaleElfHaughty,Bryling,FemaleCommander,Friend,BusinessPartners
EndarieErikurBusiness,Endarie,FemaleElfHaughty,Erikur,MaleSlyCynical,Acquaintance,BusinessPartners
TaarieBryling,Taarie,FemaleElfHaughty,Bryling,FemaleCommander,Acquaintance,BusinessPartners
TaarieErikurPartners,Taarie,FemaleElfHaughty,Erikur,MaleSlyCynical,Friend,BusinessPartners
TaarieEndarieSiblings,Taarie,FemaleElfHaughty,Endarie,FemaleElfHaughty,Confidant,Siblings
BeirandHeimvarApprentice,Beirand,MaleNord,Heimvar,MaleYoungEager,Friend,MasterAssistant
BeirandFihadaWork,Beirand,MaleNord,Fihada,MaleCondescending,Friend,NONE
BeirandKaydParent,Beirand,MaleNord,Kayd,MaleChild,Ally,ParentChild
SaymaKaydParent,Sayma,FemaleEvenToned,Kayd,MaleChild,Ally,ParentChild
SaymaBeirandMarriage,Sayma,FemaleEvenToned,Beirand,MaleNord,Lover,Spouse
VivienneSorexCourting,VivienneOnis,FemaleSultry,SorexVinius,MaleSlyCynical,Friend,Courting
AngelineVivienneFamily,AngelineMorrard,FemaleOldKindly,VivienneOnis,FemaleSultry,Confidant,AuntUncle
TasiusFaidaLovers,TasiusTragus,MaleCommander,Faida,FemaleCommoner,Lover,Courting
TasiusVarniusFriendship,TasiusTragus,MaleCommander,VarniusJunius,MaleYoungEager,Confidant,BossEmployee
FaidaCorpulusFriends,Faida,FemaleCommoner,CorpulusVinius,MaleEvenToned,Confidant,Cousins
OldaLodvarMarriage,Olda,FemaleShrill,Lodvar,MaleNord,Acquaintance,Spouse
HorgeirLodvarBrothers,Horgeir,MaleCoward,Lodvar,MaleNord,Rival,Siblings
HorgeirOlda,Horgeir,MaleCoward,Olda,FemaleShrill,Ally,InLawBrotherSister
AzzadaOmluagEnmity,AzzadaLylvieve,MaleEvenToned,Omluag,MaleCommoner,Foe,NONE
LylvieveParent2,ClintonLylvieve,MaleChild,AzzadaLylvieve,MaleEvenToned,Ally,ParentChild
LylvieveParentChild,MichelLylvieve,FemaleEvenToned,ClintonLylvieve,MaleChild,Ally,ParentChild
LylvieveMarriage,MichelLylvieve,FemaleEvenToned,AzzadaLylvieve,MaleEvenToned,Lover,Spouse
SteirodTrilfBrothers,Steirod,MaleSlyCynical,Trilf,MaleYoungEager,Ally,Siblings
BalgruuftheGreaterIrileth,BalgruuftheGreater,MaleNord,Irileth,FemaleDarkElf,Confidant,JarlHousecarl
BalgruufTheGreaterProventusAvenicci,BalgruuftheGreater,MaleNord,ProventusAvenicci,MaleCoward,Acquaintance,JarlSteward
ProventusAvenicciAdrianneAvenicci,ProventusAvenicci,MaleCoward,AdrianneAvenicci,FemaleCommander,Ally,ParentChild
BalgruuftheGreaterFarengarSecretFire,BalgruuftheGreater,MaleNord,FarengarSecretFire,MaleEvenTonedAccented,Friend,BossEmployee
BalgrufTheGReaterNelkir,BalgruuftheGreater,MaleNord,Nelkir,MaleChild,Ally,Siblings
BalgruuftheGreaterHrongar,BalgruuftheGreater,MaleNord,Hrongar,MaleNordCommander,Confidant,Siblings
SkulvarSableHiltLillithMaidenLoom,LillithMaidenLoom,FemaleOldKindly,SkulvarSableHilt,MaleNord,Friend,BossEmployee
JervarSkulvarSableHilt,SkulvarSableHilt,MaleNord,Jervar,MaleCommonerAccented,Rival,ParentChild
NazeemAhlam,Nazeem,MaleCondescending,Ahlam,FemaleEvenToned,Ally,Spouse
JnBattleBornBergitteBattleBorn,BergritteBattleBorn,FemaleOldGrumpy,JonBattleBorn,MaleNord,Ally,ParentChild
IdolafBattleBornJonBattleBorn,IdolafBattleBorn,MaleBrute,JonBattleBorn,MaleNord,Ally,ParentChild
IdolafBattleBornBergitteBattleBorn,BergritteBattleBorn,FemaleOldGrumpy,IdolafBattleBorn,MaleBrute,Ally,ParentChild
IdolafBattleBornOlfridBattleBorn,OlfridBattleBorn,MaleOldGrumpy,IdolafBattleBorn,MaleBrute,Ally,ParentChild
BergritteBattleBornOlfridBattleBorn,BergritteBattleBorn,FemaleOldGrumpy,OlfridBattleBorn,MaleOldGrumpy,Ally,Spouse
AlfhildBattleBornLarsBattleBorn,AlfhildBattleBorn,FemaleNord,LarsBattleBorn,MaleChild,Ally,ParentChild
AlfhildBattleBornOlfridBattleBorn,OlfridBattleBorn,MaleOldGrumpy,AlfhildBattleBorn,FemaleNord,Ally,ParentChild
AlfhildBattleBornJonBattleBorn,AlfhildBattleBorn,FemaleNord,JonBattleBorn,MaleNord,Confidant,Siblings
AlfhildBattleBornIdolafBattleBorn,AlfhildBattleBorn,FemaleNord,IdolafBattleBorn,MaleBrute,Ally,Spouse
AlfhildBattleBornBergritteBattleBorn,BergritteBattleBorn,FemaleOldGrumpy,AlfhildBattleBorn,FemaleNord,Confidant,ParentChild
CarlottaValentinaMilaValentina,CarlottaValentia,FemaleEvenToned,MilaValentia,FemaleChild,Ally,ParentChild
AmrenBraith,Amren,MaleEvenToned,Braith,FemaleChild,Confidant,ParentChild
BraithLarsBattleBorn,Braith,FemaleChild,LarsBattleBorn,MaleChild,Rival,NONE
BraithSaffir,Saffir,FemaleCondescending,Braith,FemaleChild,Ally,ParentChild
AmrenSaffir,Saffir,FemaleCondescending,Amren,MaleEvenToned,Ally,Spouse
DanicaPureSpringAhlam,DanicaPureSpring,FemaleNord,Ahlam,FemaleEvenToned,Friend,BossEmployee
BrillVignartheRevered,VignarGrayMane,MaleOldGrumpy,Brill,MaleCommonerAccented,Confidant,JarlSteward
VignartheReveredTilma,VignarGrayMane,MaleOldGrumpy,Tilma,FemaleOldKindly,Friend,NONE
OlfinaTheGoldenJonBattleBorn,OlfinaGrayMane,FemaleYoungEager,JonBattleBorn,MaleNord,Ally,Courting
OlfinaTheGoldenThoraldGrayMane,OlfinaGrayMane,FemaleYoungEager,ThoraldGrayMane,MaleNordCommander,Confidant,Siblings
FraliaGrayManeThoraldGrayMane,FraliaGrayMane,FemaleOldKindly,ThoraldGrayMane,MaleNordCommander,Ally,ParentChild
FraliaGrayManeOlfinaTheGolden,FraliaGrayMane,FemaleOldKindly,OlfinaGrayMane,FemaleYoungEager,Ally,ParentChild
FraliaGrayManeUlfberthWarBear,FraliaGrayMane,FemaleOldKindly,Ulfberth,MaleBrute,Friend,NONE
EorlundGrayManeThoraldGrayMane,EorlundGrayMane,MaleNordCommander,ThoraldGrayMane,MaleNordCommander,Ally,ParentChild
EorlundGrayManeOlfinaTheGolder,EorlundGrayMane,MaleNordCommander,OlfinaGrayMane,FemaleYoungEager,Ally,ParentChild
EorlundGrayManeFraliaGrayMane,EorlundGrayMane,MaleNordCommander,FraliaGrayMane,FemaleOldKindly,Confidant,Spouse
EorlundGrayManeUlfberthWarBear,EorlundGrayMane,MaleNordCommander,Ulfberth,MaleBrute,Friend,NONE
AvulsteinGrayManeIdolafBattleBorn,AvulsteinGrayMane,MaleBrute,IdolafBattleBorn,MaleBrute,Foe,NONE
AvulsteinGrayManeThoraldGrayMane,AvulsteinGrayMane,MaleBrute,ThoraldGrayMane,MaleNordCommander,Ally,Siblings
AvulsteinGrayManeFraliaGrayMane,FraliaGrayMane,FemaleOldKindly,AvulsteinGrayMane,MaleBrute,Ally,ParentChild
AvulsteinGrayManeOlfinaTheGolden,AvulsteinGrayMane,MaleBrute,OlfinaGrayMane,FemaleYoungEager,Ally,Siblings
AvulsteinGrayManeUfberthWarBear,AvulsteinGrayMane,MaleBrute,Ulfberth,MaleBrute,Confidant,NONE
AvulsteinGrayManeEorlungGrayMane,EorlundGrayMane,MaleNordCommander,AvulsteinGrayMane,MaleBrute,Ally,ParentChild
ElrindirOlava,Elrindir,MaleCondescending,OlavatheFeeble,FemaleOldKindly,Friend,NONE
AnoriathElrindir,Anoriath,MaleYoungEager,Elrindir,MaleCondescending,Ally,Siblings
MikaelYsolda,Mikael,MaleYoungEager,Ysolda,FemaleYoungEager,Confidant,Courting
HuldaMikael,Hulda,FemaleNord,Mikael,MaleYoungEager,Friend,BossEmployee
HuldaSaadia,Hulda,FemaleNord,Saadia,FemaleSultry,Confidant,BossEmployee
HuldaOlfineTheGolden,Hulda,FemaleNord,OlfinaGrayMane,FemaleYoungEager,Friend,NONE
ArcadiaDanicaPureSpring,Arcadia,FemaleEvenToned,DanicaPureSpring,FemaleNord,Confidant,NONE
MralkiSaadia,Mralki,MaleCommonerAccented,Saadia,FemaleSultry,Friend,NONE
MralkiOfnalf,Mralki,MaleCommonerAccented,Erik,MaleYoungEager,Ally,ParentChild
LemkilSissel,Lemkil,MaleSlyCynical,Sissel,FemaleChild,Rival,ParentChild
JouaneManetteRorik,JouaneManette,MaleOldKindly,Rorik,MaleEvenTonedAccented,Ally,NONE
JouaneManetteSissel,JouaneManette,MaleOldKindly,Sissel,FemaleChild,Confidant,MasterAssistant
EnnisReldith,Reldith,FemaleElfHaughty,Ennis,MaleCommoner,Confidant,ParentChild
BritteSissel,Britte,FemaleChild,Sissel,FemaleChild,Rival,Siblings
BritteLemkil,Lemkil,MaleSlyCynical,Britte,FemaleChild,Rival,ParentChild
KodrirLeifur,Kodrir,MaleSlyCynical,Leifur,MaleEvenTonedAccented,Rival,BusinessPartners
EnnodiusPapiusKodrir,EnnodiusPapius,MaleCoward,Kodrir,MaleSlyCynical,Foe,NONE
AeriKodrir,Aeri,FemaleNord,Kodrir,MaleSlyCynical,Acquaintance,BossEmployee
AeriLeifur,Aeri,FemaleNord,Leifur,MaleEvenTonedAccented,Acquaintance,BossEmployee
MadenaSkald,SkaldtheElder,MaleOldGrumpy,Madena,FemaleCondescending,Acquaintance,BossEmployee
KeraThoring,Thoring,MaleCommonerAccented,Karita,FemaleYoungEager,Ally,ParentChild
IrgnirKarl,Irgnir,FemaleCommoner,Karl,MaleDrunk,Confidant,NONE
FrukiLeigelf,Leigelf,MaleCondescending,Fruki,FemaleNord,Confidant,BossEmployee
BulfrekJod,Bulfrek,MaleCommonerAccented,Jod,MaleBrute,Friend,NONE
BeitildIrgnir,Beitild,FemaleCondescending,Irgnir,FemaleCommoner,Friend,BossEmployee
BeitildKarl,Beitild,FemaleCondescending,Karl,MaleDrunk,Friend,BossEmployee
BeitildLeigelf,Beitild,FemaleCondescending,Leigelf,MaleCondescending,Rival,Spouse
CurweSarimarcusLoreius,Curwe,FemaleEvenToned,VantusLoreius,MaleEvenToned,Ally,Spouse
AduriAvrusa,AduriSarethi,FemaleYoungEager,AvrusaSarethi,FemaleCoward,Ally,Siblings
GrostaGralnach,Grosta,FemaleNord,Gralnach,MaleChild,Ally,ParentChild
FilnjarGrogmar,Filnjar,MaleNord,GrogmarGroBurzag,MaleOrc,Acquaintance,BossEmployee
FilnjarOdfel,Filnjar,MaleNord,Odfel,MaleCondescending,Acquaintance,BossEmployee
FastredKlimmek,Fastred,FemaleYoungEager,Klimmek,MaleBrute,Friend,NONE
BassianusKlimmek,BassianusAxius,MaleCondescending,Klimmek,MaleBrute,Friend,NONE
FastredBassianus,Fastred,FemaleYoungEager,BassianusAxius,MaleCondescending,Lover,NONE
BotiFastred,Boti,FemaleCommoner,Fastred,FemaleYoungEager,Ally,ParentChild
JofthorFastred,Jofthor,MaleCommonerAccented,Fastred,FemaleYoungEager,Ally,ParentChild
JofthorBoti,Jofthor,MaleCommonerAccented,Boti,FemaleCommoner,Ally,Spouse
BersiLynly,Bersi,MaleNord,Lynly,FemaleNord,Confidant,NONE
WihelmLynly,Wilhelm,MaleNord,Lynly,FemaleNord,Confidant,NONE
HofgrirShadr,Hofgrir,MaleBrute,Shadr,MaleYoungEager,Ally,ParentChild
HafjorgIngun,Hafjorg,FemaleOldKindly,Ingun,FemaleYoungEager,Friend,NONE
ElgrimIngun,Elgrim,MaleOldGrumpy,Ingun,FemaleYoungEager,Friend,NONE
ElgrimHafjorg,Elgrim,MaleOldGrumpy,Hafjorg,FemaleOldKindly,Ally,Spouse
VekelDirge,Vekel,MaleNord,Dirge,MaleBrute,Friend,BusinessPartners
MjollAerin,Mjoll,FemaleNord,Aerin,MaleYoungEager,Confidant,NONE
BalimundLaila,Balimund,MaleBrute,Laila,FemaleCommander,Confidant,NONE
BalimundAsbjorn,Balimund,MaleBrute,Asbjorn,MaleCommonerAccented,Ally,ParentChild
HarraldSaerlund,Harrald,MaleCondescending,Saerlund,MaleYoungEager,Ally,Siblings
LailaAnuriel,Laila,FemaleCommander,Anuriel,FemaleEvenToned,Confidant,JarlSteward
LailaSaerlund,Laila,FemaleCommander,Saerlund,MaleYoungEager,Ally,ParentChild
LailaHarrald,Laila,FemaleCommander,Harrald,MaleCondescending,Ally,ParentChild
RunaHroar,Runa,FemaleChild,Hroar,MaleChild,Friend,NONE
SamuelHroar,Samuel,MaleChild,Hroar,MaleChild,Friend,NONE
SamuelRuna,Samuel,MaleChild,Runa,FemaleChild,Friend,NONE
FrancoisHroar,Francois,MaleChild,Hroar,MaleChild,Friend,NONE
FrancoisRuna,Francois,MaleChild,Runa,FemaleChild,Friend,NONE
FrancoisSamuel,Francois,MaleChild,Samuel,MaleChild,Friend,NONE
ConstanceHroar,ConstanceMichel,FemaleYoungEager,Hroar,MaleChild,Friend,NONE
ConstanceRuna,ConstanceMichel,FemaleYoungEager,Runa,FemaleChild,Friend,NONE
ConstanceSamuel,ConstanceMichel,FemaleYoungEager,Samuel,MaleChild,Friend,NONE
ConstanceFrancois,ConstanceMichel,FemaleYoungEager,Francois,MaleChild,Friend,NONE
SvanaSibbi,Svana,FemaleYoungEager,Sibbi,MaleSlyCynical,Lover,Courting
HaelgaBrandish,Haelga,FemaleSultry,BrandShei,MaleDarkElf,Lover,NONE
HaelgaSvana,Haelga,FemaleSultry,Svana,FemaleYoungEager,Ally,AuntUncle
BolliTalenJei,Bolli,MaleEvenTonedAccented,TalenJei,MaleArgonian,Friend,NONE
BolliMaramal,Bolli,MaleEvenTonedAccented,Maramal,MaleEvenToned,Friend,NONE
BolliNivenor,Bolli,MaleEvenTonedAccented,Nivenor,FemaleYoungEager,Ally,Spouse
MaramalDinyaBalu,Maramal,MaleEvenToned,Dinya,FemaleEvenToned,Ally,Spouse
IngunSibbi,Ingun,FemaleYoungEager,Sibbi,MaleSlyCynical,Ally,Siblings
HemmingIngun,Hemming,MaleEvenTonedAccented,Ingun,FemaleYoungEager,Ally,ParentChild
HemmingSibbi,Hemming,MaleEvenTonedAccented,Sibbi,MaleSlyCynical,Ally,ParentChild
MavenIngun,Maven,FemaleUniqueMaven,Ingun,FemaleYoungEager,Ally,GrandparentGrandchild
MavenSibbi,Maven,FemaleUniqueMaven,Sibbi,MaleSlyCynical,Ally,GrandparentGrandchild
MavenHemming,Maven,FemaleUniqueMaven,Hemming,MaleEvenTonedAccented,Ally,ParentChild
DrifaBersi,Drifa,FemaleCommoner,Bersi,MaleNord,Ally,Spouse
IndarynValindor,Indaryn,MaleDarkElf,Valindor,MaleYoungEager,Acquaintance,BossEmployee
IndarynRomlyn,Indaryn,MaleDarkElf,Romlyn,MaleDarkElf,Acquaintance,BossEmployee
IndarynNiluvaHlaalu,Indaryn,MaleDarkElf,Niluva,FemaleDarkElf,Acquaintance,BossEmployee
IndarynUngrien,Indaryn,MaleDarkElf,Ungrien,MaleEvenToned,Acquaintance,BossEmployee
NuraSnowShodAsgeirSnowShod,Nura,FemaleNord,Asgeir,MaleEvenTonedAccented,Ally,ParentChild
KeeravaHaelgatheBeacon,Keerava,FemaleArgonian,Haelga,FemaleSultry,Friend,NONE
KeeravaTalenJei,Keerava,FemaleArgonian,TalenJei,MaleArgonian,Lover,NONE
DushnamubYatul,Yatul,FemaleOrc,Dushnamub,MaleOrc,Acquaintance,AuntUncle
DushnamubBolar,Bolar,FemaleOrc,Dushnamub,MaleOrc,Acquaintance,AuntUncle
MulGadba,MulGroLargash,MaleOrc,GadbaGroLargash,MaleOrc,Confidant,Siblings
MauhulakhBolar,Bolar,FemaleOrc,Mauhulakh,MaleOrc,Acquaintance,AuntUncle
DushnamubUrog,Urog,FemaleOrc,Dushnamub,MaleOrc,Acquaintance,Siblings
UrogYatul,Yatul,FemaleOrc,Urog,FemaleOrc,Ally,AuntUncle
UrogBolar,Bolar,FemaleOrc,Urog,FemaleOrc,Confidant,AuntUncle
UrogMauhulakh,Mauhulakh,MaleOrc,Urog,FemaleOrc,Rival,ParentChild
YatulBolar,Yatul,FemaleOrc,Bolar,FemaleOrc,Ally,Siblings
YatulMauhulakh,Yatul,FemaleOrc,Mauhulakh,MaleOrc,Confidant,AuntUncle
DerkeethusSondas,Derkeethus,MaleArgonian,SondasDrenim,MaleDarkElf,Friend,NONE
AnnekeNurelion,Annekke,FemaleEvenToned,Nurelion,MaleOldGrumpy,Friend,NONE
AnnekkeVerner,Annekke,FemaleEvenToned,Verner,MaleCoward,Ally,Spouse
TormirKjeld,Tormir,FemaleYoungEager,Kjeld,MaleNord,Foe,NONE
HrefnaSondas,Hrefna,FemaleChild,SondasDrenim,MaleDarkElf,Confidant,NONE
TormirHrefna,Tormir,FemaleYoungEager,Hrefna,FemaleChild,Friend,ParentChild
KjeldRoggi,Kjeld,MaleNord,Roggi,MaleNord,Friend,NONE
KjeldKjeldTheYounger,Kjeld,MaleNord,KjeldtheYounger,MaleEvenTonedAccented,Acquaintance,ParentChild
IddraKjeld,Iddra,FemaleCommoner,Kjeld,MaleNord,Acquaintance,Spouse
DravyneaRoggi,Dravynea,FemaleDarkElf,Roggi,MaleNord,Friend,NONE
GannaRoggi,GannaUriel,FemaleCoward,Roggi,MaleNord,Friend,NONE
GemmaGanna,GemmaUriel,FemaleShrill,GannaUriel,FemaleCoward,Friend,Siblings
UlfricTullius,Ulfric,MaleUniqueUlfric,GeneralTullius,MaleUniqueTullius,Foe,NONE
UlfricElisif,Ulfric,MaleUniqueUlfric,ElisifTheFair,FemaleYoungEager,Foe,NONE
AlainMuiri,AlainDufont,MaleSlyCynical,Muiri,FemaleYoungEager,Enemy,NONE
NurelionQuintus,Nurelion,MaleOldGrumpy,QuintusNavale,MaleYoungEager,Ally,MasterAssistant
LortheimUlfric,Lortheim,MaleNord,Ulfric,MaleUniqueUlfric,Confidant,NONE
LortheimJora,Lortheim,MaleNord,Jora,FemaleCondescending,Ally,Spouse
BrondHuki,Brond,MaleDrunk,Huki,FemaleNord,Friend,NONE
AvalFaryl,AvalAtheron,MaleEvenToned,FarylAtheron,MaleDarkElf,Friend,Siblings
BrondEdorfin,Edorfin,MaleElfHaughty,Brond,MaleDrunk,Rival,NONE
AmbarysMalthyr,AmbarysRendar,MaleDarkElf,MalthyrElenil,MaleSlyCynical,Ally,BossEmployee
AmbarysDravynea,AmbarysRendar,MaleDarkElf,Dravynea,FemaleDarkElf,Confidant,NONE
RevynAval,RevynSadri,MaleCondescending,AvalAtheron,MaleEvenToned,Confidant,NONE
BenkumAngrenor,Angrenor,MaleCommonerAccented,Benkum,MaleSlyCynical,Friend,NONE
JorleifUlfric,Ulfric,MaleUniqueUlfric,Jorleif,MaleNordCommander,Ally,JarlSteward
TorstenGrimvar,Torsten,MaleCommonerAccented,Grimvar,MaleChild,Friend,ParentChild
GrimvarHillevi,Hillevi,FemaleCommoner,Grimvar,MaleChild,Confidant,ParentChild
AventusGrelod,AventusAretino,MaleUniqueAventusAretino,Grelod,FemaleOldGrumpy,Rival,NONE
UlfricScoutsManyMarshes,Ulfric,MaleUniqueUlfric,ScoutsManyMarshes,MaleArgonian,Friend,NONE
OengulHermir,Oengul,MaleNord,Hermir,FemaleYoungEager,Confidant,MasterAssistant
NilsineTorbjorn,Torbjorn,MaleDrunk,Nilsine,FemaleYoungEager,Friend,ParentChild
LieslEdorfin,Liesl,FemaleCommoner,Edorfin,MaleElfHaughty,Rival,NONE
LieslBrond,Liesl,FemaleCommoner,Brond,MaleDrunk,Foe,NONE
SusannaNils,Susanna,FemaleSultry,Nils,MaleOldKindly,Friend,NONE
EldaBrunwulf,Elda,FemaleShrill,Brunwulf,MaleNord,Lover,NONE
EldaSusanna,Elda,FemaleShrill,Susanna,FemaleSultry,Friend,BossEmployee
EldaNils,Elda,FemaleShrill,Nils,MaleOldKindly,Acquaintance,BossEmployee
TovaViola,Tova,FemaleNord,ViolaGiordano,FemaleShrill,Friend,NONE
NilsineTova,Tova,FemaleNord,Nilsine,FemaleYoungEager,Confidant,ParentChild
TovaTorbjorn,Tova,FemaleNord,Torbjorn,MaleDrunk,Ally,Spouse
HukiBrunwulf,Huki,FemaleNord,Brunwulf,MaleNord,Friend,NONE
HukiBenkum,Huki,FemaleNord,Benkum,MaleSlyCynical,Acquaintance,BossEmployee
LonelyGaleViola,CaptainLonelyGale,MaleNordCommander,ViolaGiordano,FemaleShrill,Rival,NONE
GormlaithJorleif,Galmar,MaleUniqueGalmar,Jorleif,MaleNordCommander,Friend,NONE
GormlaithUlfric,Ulfric,MaleUniqueUlfric,Galmar,MaleUniqueGalmar,Ally,JarlHousecarl
ArivanyaTova,Arivanya,FemaleEvenToned,Tova,FemaleNord,Friend,NONE
ArivanyaViola,Arivanya,FemaleEvenToned,ViolaGiordano,FemaleShrill,Confidant,NONE
ArivanyaUlundil,Arivanya,FemaleEvenToned,Ulundil,MaleEvenToned,Lover,Spouse
SuvarisTorbjorn,Torbjorn,MaleDrunk,SuvarisAtheron,FemaleDarkElf,Confidant,BossEmployee
SuvarisAval,SuvarisAtheron,FemaleDarkElf,AvalAtheron,MaleEvenToned,Friend,Siblings
SuvarisFaryl,SuvarisAtheron,FemaleDarkElf,FarylAtheron,MaleDarkElf,Confidant,Siblings
OrthusAdelaisa,Adelaisa,FemaleCommander,OrthusEndario,MaleCondescending,Friend,NONE
SingsOfDreamsTorsten,Torsten,MaleCommonerAccented,IdesaSadri,FemaleDarkElf,Ally,BossEmployee
IdesaGrimvar,Grimvar,MaleChild,IdesaSadri,FemaleDarkElf,Ally,NONE
SingsOfDreamsHillevi,Hillevi,FemaleCommoner,IdesaSadri,FemaleDarkElf,Ally,BossEmployee
BagrakOlur,Bagrak,FemaleOrc,Olur,MaleOrc,Ally,InLawParentChild
BagrakBorgakh,Bagrak,FemaleOrc,Borgakh,FemaleOrc,Ally,ParentChild
BorgakhOlur,Borgakh,FemaleOrc,Olur,MaleOrc,Ally,Siblings
ShuftharzBogakh,Shuftharz,FemaleOrc,Borgakh,FemaleOrc,Ally,InLawParentChild
ShuftharzOlur,Shuftharz,FemaleOrc,Olur,MaleOrc,Ally,ParentChild
SharamphOlur,Sharamph,FemaleOrc,Olur,MaleOrc,Ally,GreatGrandparentGreatgrandchild
SharamphBorgakh,Sharamph,FemaleOrc,Borgakh,FemaleOrc,Ally,GreatGrandparentGreatgrandchild
SharamphShuftharz,Sharamph,FemaleOrc,Shuftharz,FemaleOrc,Ally,InLawGrandparentGrandchild
SharamphBagrak,Sharamph,FemaleOrc,Bagrak,FemaleOrc,Ally,InLawGrandparentGrandchild
SharamphLarak,Sharamph,FemaleOrc,Larak,MaleOrc,Ally,InLawGrandparentGrandchild
LarakOlur,Larak,MaleOrc,Olur,MaleOrc,Ally,InLawParentChild
LarakBorgakh,Larak,MaleOrc,Borgakh,FemaleOrc,Rival,InLawParentChild
LarakShuftharz,Larak,MaleOrc,Shuftharz,FemaleOrc,Lover,Spouse
LarakBagrak,Larak,MaleOrc,Bagrak,FemaleOrc,Lover,Spouse
GhorbashNagrub,Ghorbash,MaleOrc,Nagrub,MaleOrc,Ally,GrandAuntUncle
GhorbashUmurn,Ghorbash,MaleOrc,Umurn,MaleOrc,Ally,GrandAuntUncle
GhorbashShel,Ghorbash,MaleOrc,Shel,FemaleOrc,Ally,InLawAuntUncle
GhorbashGharol,Ghorbash,MaleOrc,Gharol,FemaleOrc,Ally,InLawAuntUncle
ArobGhorbash,Ghorbash,MaleOrc,Arob,FemaleOrc,Ally,InLawAuntUncle
ShelNagrub,Shel,FemaleOrc,Nagrub,MaleOrc,Ally,InLawParentChild
ShelUmurn,Shel,FemaleOrc,Umurn,MaleOrc,Ally,InLawParentChild
GharolNagrub,Gharol,FemaleOrc,Nagrub,MaleOrc,Ally,InLawParentChild
ArobUmurn,Arob,FemaleOrc,Umurn,MaleOrc,Ally,InLawParentChild
OglubGhorbash,Oglub,MaleOrc,Ghorbash,MaleOrc,Ally,Siblings
OglubShel,Oglub,MaleOrc,Shel,FemaleOrc,Ally,InLawAuntUncle
OglubGharol,Oglub,MaleOrc,Gharol,FemaleOrc,Ally,InLawAuntUncle
OglubArob,Oglub,MaleOrc,Arob,FemaleOrc,Ally,InLawAuntUncle
MurbulGhorbash,Murbul,FemaleOrc,Ghorbash,MaleOrc,Ally,ParentChild
MurbulOglub,Murbul,FemaleOrc,Oglub,MaleOrc,Ally,ParentChild
MurbulNagrub,Murbul,FemaleOrc,Nagrub,MaleOrc,Ally,GreatGrandparentGreatgrandchild
MurbulUmurn,Murbul,FemaleOrc,Umurn,MaleOrc,Ally,GreatGrandparentGreatgrandchild
MurbulShel,Murbul,FemaleOrc,Shel,FemaleOrc,Ally,InLawGrandparentGrandchild
MurbulGharol,Murbul,FemaleOrc,Gharol,FemaleOrc,Ally,InLawGrandparentGrandchild
MurbulArob,Murbul,FemaleOrc,Arob,FemaleOrc,Ally,InLawGrandparentGrandchild
GhorbashBurguk,Ghorbash,MaleOrc,Burguk,MaleOrc,Ally,AuntUncle
OglubBurguk,Oglub,MaleOrc,Burguk,MaleOrc,Ally,AuntUncle
ArobNagrub,Arob,FemaleOrc,Nagrub,MaleOrc,Ally,ParentChild
BurgukNagrub,Burguk,MaleOrc,Nagrub,MaleOrc,Ally,ParentChild
GharolUmurn,Gharol,FemaleOrc,Umurn,MaleOrc,Ally,ParentChild
BurgukUmurn,Burguk,MaleOrc,Umurn,MaleOrc,Ally,ParentChild
BurgukShel,Burguk,MaleOrc,Shel,FemaleOrc,Lover,Spouse
BurgukGharol,Burguk,MaleOrc,Gharol,FemaleOrc,Lover,Spouse
BurgukArob,Burguk,MaleOrc,Arob,FemaleOrc,Lover,Spouse
MurbulBurguk,Murbul,FemaleOrc,Burguk,MaleOrc,Ally,GrandparentGrandchild
BurgukLurbuk,Burguk,MaleOrc,Lurbuk,MaleOrc,Rival,ParentChild
EydisSkuli,Eydis,FemaleCommoner,Skuli,MaleChild,Ally,ParentChild
VigdisRogatusSalvius,Vigdis,FemaleOldKindly,Rogatus,MaleOldGrumpy,Ally,Spouse
VigdisLeontiusSalvius,Vigdis,FemaleOldKindly,LeontiusSalvius,MaleCommoner,Ally,ParentChild
AinethachLashGraShugurz,Ainethach,MaleEvenToned,LashGraDushnikh,FemaleOrc,Acquaintance,BossEmployee
AinethachMena,Ainethach,MaleEvenToned,Mena,FemaleYoungEager,Confidant,BossEmployee
MenaFjotra,Mena,FemaleYoungEager,Fjotra,FemaleChild,Ally,ParentChild
EnmonFjotra,Enmon,MaleYoungEager,Fjotra,FemaleChild,Ally,ParentChild
EnmonMena,Enmon,MaleYoungEager,Mena,FemaleYoungEager,Lover,Spouse
AinethachEnmon,Ainethach,MaleEvenToned,Enmon,MaleYoungEager,Friend,BossEmployee
AinethachBelchimac,Ainethach,MaleEvenToned,Belchimac,MaleCoward,Acquaintance,BossEmployee
AinethachRagnar,Ainethach,MaleEvenToned,Ragnar,MaleCommonerAccented,Confidant,BossEmployee
SkaggiEnnoc,Skaggi,MaleNord,Ennoc,MaleYoungEager,Acquaintance,BossEmployee
DaighreNissa,Daighre,FemaleEvenToned,Erith,FemaleChild,Ally,ParentChild
PavoAttiusGatGroShargakh,PavoAttius,MaleEvenToned,GatgroShargakh,MaleOrc,Friend,BossEmployee
SkaggiSosia,Skaggi,MaleNord,Sosia,FemaleSultry,Ally,Spouse
MulushGroShugurzEltrys,MulushGroShugurz,MaleOrc,Eltrys,MaleYoungEager,Acquaintance,BossEmployee
MulushGroShugurzOmluag,MulushGroShugurz,MaleOrc,Omluag,MaleCommoner,Acquaintance,FavorTarget
MulushGroShugurzHathrasil,MulushGroShugurz,MaleOrc,Hathrasil,MaleBrute,Acquaintance,BossEmployee
NeposUaile,Nepos,MaleOldKindly,Uaile,FemaleEvenToned,Ally,BossEmployee
FrabbiCedran,Frabbi,FemaleShrill,Cedran,MaleOldKindly,Acquaintance,BossEmployee
KlepprCedran,Kleppr,MaleCondescending,Cedran,MaleOldKindly,Acquaintance,BossEmployee
ThongvorRhiada,Thongvor,MaleNord,Rhiada,FemaleYoungEager,Acquaintance,BossEmployee
LisbetCosnach,Lisbet,FemaleNord,Cosnach,MaleDrunk,Acquaintance,BossEmployee
UrzogaGraShugurzMulushGroShugurz,UrzogaGraShugurz,FemaleOrc,MulushGroShugurz,MaleOrc,Ally,Siblings
AinethachRondach,Ainethach,MaleEvenToned,Rondach,MaleCommoner,Ally,ParentChild
AinethachVoada,Ainethach,MaleEvenToned,Voada,FemaleCommoner,Ally,ParentChild
RondachVoada,Rondach,MaleCommoner,Voada,FemaleCommoner,Ally,Siblings
CalcelmoAicantar,Calcelmo,MaleOldKindly,Aicantar,MaleEvenToned,Ally,AuntUncle
GhorzaGraBagolColiasSallustius,GhorzaGraBagol,FemaleOrc,TacitusSallustius,MaleYoungEager,Acquaintance,MasterAssistant
RaerekFaleen,Raerek,MaleOldKindly,Faleen,FemaleCommander,Ally,NONE
IgmundFaleen,Igmund,MaleNordCommander,Faleen,FemaleCommander,Ally,JarlHousecarl
RaerekIgmund,Raerek,MaleOldKindly,Igmund,MaleNordCommander,Ally,AuntUncle
BothelaMuiri,Bothela,FemaleOldGrumpy,Muiri,FemaleYoungEager,Friend,MasterAssistant
BothelaOdvan,Bothela,FemaleOldGrumpy,Odvan,MaleEvenToned,Ally,GrandparentGrandchild
UraccenUaile,Uraccen,MaleCondescending,Uaile,FemaleEvenToned,Ally,ParentChild
NeposMulushGroShugurz,Nepos,MaleOldKindly,MulushGroShugurz,MaleOrc,Rival,BossEmployee
ThonarNepos,Thonar,MaleEvenTonedAccented,Nepos,MaleOldKindly,Acquaintance,NONE
CedranHroki,Cedran,MaleOldKindly,Hroki,FemaleYoungEager,Ally,MasterAssistant
FrabiHroki,Frabbi,FemaleShrill,Hroki,FemaleYoungEager,Ally,ParentChild
FrabbiHreinn,Frabbi,FemaleShrill,Hreinn,MaleYoungEager,Ally,ParentChild
KlepprHreinn,Kleppr,MaleCondescending,Hreinn,MaleYoungEager,Ally,ParentChild
KlepprHroki,Kleppr,MaleCondescending,Hroki,FemaleYoungEager,Ally,ParentChild
KlepprFrabbi,Kleppr,MaleCondescending,Frabbi,FemaleShrill,Lover,Spouse
ImedhnainCosnach,Imedhnain,MaleEvenToned,Cosnach,MaleDrunk,Ally,Cousins
SavosSergius,SavosAren,MaleCondescending,SergiusTurrianus,MaleOldGrumpy,Friend,NONE
SavosMirabelle,SavosAren,MaleCondescending,MirabelleErvine,FemaleUniqueMirabelleErvine,Ally,NONE
MirabelleTolfdir,MirabelleErvine,FemaleUniqueMirabelleErvine,Tolfdir,MaleOldKindly,Confidant,NONE
EnthirFarengar,Enthir,MaleSlyCynical,FarengarSecretFire,MaleEvenTonedAccented,Friend,NONE
ArnielEnthir,ArnielGane,MaleCoward,Enthir,MaleSlyCynical,Friend,NONE
EnthirNirya,Enthir,MaleSlyCynical,Nirya,FemaleElfHaughty,Friend,NONE
ArnielPhinis,ArnielGane,MaleCoward,PhinisGestor,MaleCondescending,Friend,NONE
EnthirPhins,Enthir,MaleSlyCynical,PhinisGestor,MaleCondescending,Confidant,NONE
NiryaSergius,Nirya,FemaleElfHaughty,SergiusTurrianus,MaleOldGrumpy,Lover,NONE
FaraldaSergius,Faralda,FemaleSultry,SergiusTurrianus,MaleOldGrumpy,Lover,NONE
FaraldaNirya,Faralda,FemaleSultry,Nirya,FemaleElfHaughty,Rival,NONE
JzargoOnmund,Jzargo,MaleKhajiit,Onmund,MaleYoungEager,Friend,NONE
BrelynaJzargo,BrelynaMaryon,FemaleYoungEager,Jzargo,MaleKhajiit,Friend,NONE
BrelynaOnmund,BrelynaMaryon,FemaleYoungEager,Onmund,MaleYoungEager,Friend,NONE
SavosUrag,SavosAren,MaleCondescending,UraggroShub,MaleOrc,Confidant,NONE
KorirNelacar,Korir,MaleNord,Nelacar,MaleElfHaughty,Rival,NONE
ThaenaAssur,Thaena,FemaleCommoner,Assur,MaleChild,Ally,ParentChild
KorirAssur,Korir,MaleNord,Assur,MaleChild,Ally,ParentChild
KorirThaena,Korir,MaleNord,Thaena,FemaleCommoner,Lover,Spouse
BirnaEnthir,Birna,FemaleNord,Enthir,MaleSlyCynical,Confidant,NONE
BirnaRanmir,Birna,FemaleNord,Ranmir,MaleDrunk,Ally,Siblings
KraldarDagur,Kraldar,MaleNord,Dagur,MaleCommonerAccented,Confidant,NONE
DagurNelacar,Dagur,MaleCommonerAccented,Nelacar,MaleElfHaughty,Confidant,NONE
AssurEirid,Assur,MaleChild,Eirid,FemaleChild,Confidant,NONE
HaranEirid,Haran,FemaleCommoner,Eirid,FemaleChild,Ally,ParentChild
DagurEirid,Dagur,MaleCommonerAccented,Eirid,FemaleChild,Ally,ParentChild
DagurHaran,Dagur,MaleCommonerAccented,Haran,FemaleCommoner,Lover,Spouse
KraldarSavos,Kraldar,MaleNord,SavosAren,MaleCondescending,Confidant,NONE
KraldarMalur,Kraldar,MaleNord,MalurSeloth,MaleDarkElf,Confidant,NONE
KraldarThonjolf,Kraldar,MaleNord,Thonjolf,MaleEvenTonedAccented,Ally,NONE
LisbetImedhnain,Lisbet,FemaleNord,Imedhnain,MaleEvenToned,Confidant,MasterAssistant
EltrysRhiada,Eltrys,MaleYoungEager,Rhiada,FemaleYoungEager,Lover,Spouse
BetridHamal,Betrid,FemaleSultry,Hamal,FemaleCondescending,Rival,NONE
ThongvorBetrid,Thongvor,MaleNord,Betrid,FemaleSultry,Ally,InLawBrotherSister
ThonarLisbet,Thonar,MaleEvenTonedAccented,Lisbet,FemaleNord,Lover,NONE
ThonarBetrid,Thonar,MaleEvenTonedAccented,Betrid,FemaleSultry,Lover,Spouse
OgmundYngvar,Ogmund,MaleNord,Yngvar,MaleBrute,Rival,NONE
ThonarYngvar,Thonar,MaleEvenTonedAccented,Yngvar,MaleBrute,Confidant,NONE
ThonarReburrus,Thonar,MaleEvenTonedAccented,Reburrus,MaleCondescending,Confidant,NONE
ThongvorReburrus,Thongvor,MaleNord,Reburrus,MaleCondescending,Ally,JarlSteward
ThongvorGhorzaGraBagol,Thongvor,MaleNord,GhorzaGraBagol,FemaleOrc,Confidant,NONE
ThongvorThonar,Thongvor,MaleNord,Thonar,MaleEvenTonedAccented,Ally,Siblings
KerahAdara,Kerah,FemaleCommoner,Adara,FemaleChild,Ally,ParentChild
EndonAdara,Endon,MaleEvenToned,Adara,FemaleChild,Ally,ParentChild
EndonKerah,Endon,MaleEvenToned,Kerah,FemaleCommoner,Lover,Spouse
YngvarThongvor,Yngvar,MaleBrute,Thongvor,MaleNord,Ally,JarlHousecarl
YngvarFaleen,Yngvar,MaleBrute,Faleen,FemaleCommander,Rival,NONE
CalcelmoFaleen,Calcelmo,MaleOldKindly,Faleen,FemaleCommander,Friend,NONE
NeetrenazaShahvee,Shahvee,FemaleArgonian,Neetrenaza,MaleArgonian,Friend,NONE
BorvirRundi,POIMageBorvir,MaleEvenTonedAccented,POIMageRundi,MaleCommonerAccented,Ally,Siblings
IdgrodYoungerJoric,IdgrodTheYounger,FemaleYoungEager,Joric,MaleChild,Ally,Siblings
IdgrodJoric,IdgrodRavencrone,FemaleOldGrumpy,Joric,MaleChild,Ally,ParentChild
AslfurJoric,Aslfur,MaleCommander,Joric,MaleChild,Ally,ParentChild
IdgrodIdgrodYounger,IdgrodRavencrone,FemaleOldGrumpy,IdgrodTheYounger,FemaleYoungEager,Ally,ParentChild
AslfurIdgrodYounger,Aslfur,MaleCommander,IdgrodTheYounger,FemaleYoungEager,Ally,ParentChild
AslfurIdgrod,Aslfur,MaleCommander,IdgrodRavencrone,FemaleOldGrumpy,Ally,Spouse
VirkmundThonnir,Thonnir,MaleNord,Virkmund,MaleChild,Ally,ParentChild
JorgenThonnir,Jorgen,MaleCommonerAccented,Thonnir,MaleNord,Friend,NONE
FalionJonna,Falion,MaleSlyCynical,Jonna,FemaleCommoner,Ally,Siblings
GormIdgrod,Gorm,MaleNord,IdgrodRavencrone,FemaleOldGrumpy,Friend,NONE
AslfurGorm,Aslfur,MaleCommander,Gorm,MaleNord,Rival,NONE
FalionLami,Falion,MaleSlyCynical,Lami,FemaleNord,Friend,NONE
BenorGorm,Benor,MaleBrute,Gorm,MaleNord,Friend,NONE
AlvaHroggar,Alva,FemaleSultry,Hroggar,MaleEvenTonedAccented,Lover,NONE
AlvaLami,Alva,FemaleSultry,Lami,FemaleNord,Confidant,NONE
FalionAgni,Falion,MaleSlyCynical,Agni,FemaleChild,Confidant,NONE
PacturSirgar,Pactur,MaleNord,Sirgar,MaleYoungEager,Ally,ParentChild
SorliSirgar,Sorli,FemaleCommander,Sirgar,MaleYoungEager,Ally,ParentChild
SorliPactur,Sorli,FemaleCommander,Pactur,MaleNord,Lover,Spouse
ArgiIdgrod,ArgiFarseer,FemaleOldKindly,IdgrodRavencrone,FemaleOldGrumpy,Ally,Siblings
LucanCamilla,LucanValerius,MaleSlyCynical,CamillaValerius,FemaleYoungEager,Ally,Siblings
SigridDorthe,Sigrid,FemaleEvenToned,Dorthe,FemaleChild,Confidant,ParentChild
AlvorDorthe,Alvor,MaleNord,Dorthe,FemaleChild,Confidant,ParentChild
AlvorSigrid,Alvor,MaleNord,Sigrid,FemaleEvenToned,Lover,Spouse
DelphineOrgnar,Delphine,FemaleUniqueDelphine,Orgnar,MaleBrute,Confidant,NONE
